Comment,tokens,idioma,tokens_sin_stopwords,tokens_lemmatized
la universidad si bien es privada no solo se financia por el pago de los estudiantes la universidad recibe una asignacion presupuestaria del estado ecuatoriano ademas de recibir fondos de la iglesia catolica la universidad politecnica salesiana de ecuador pertenece a la red ius institutos y universidades salesianas del mundo es decir un estudiante alli tienes acceso a programas de intercambio con otras universidades salesianas del mundo porque si la universidad salesiana tiene cedes en paises tanto en europa asia africa y america siendo su principal la universidad politecnica salesiana de italia existen programas de verano donde los estudiantes pueden estudiar uno o semestres en otra universidad fuera de ecuador la universidad salesiana junto con la universidad catolica son las que tienen la mayor red de universidad en el mundo y por ende los estudiantes tienen a multiples programas internacionales de educacion superior de alli porque esta universidad es una de las mejores del pais en ecuador la universidad politecnica salesiana tiene sedes cuenca guayaquil y quitoen quito tiene campus,"['la', 'universidad', 'si', 'bien', 'es', 'privada', 'no', 'solo', 'se', 'financia', 'por', 'el', 'pago', 'de', 'los', 'estudiantes', 'la', 'universidad', 'recibe', 'una', 'asignacion', 'presupuestaria', 'del', 'estado', 'ecuatoriano', 'ademas', 'de', 'recibir', 'fondos', 'de', 'la', 'iglesia', 'catolica', 'la', 'universidad', 'politecnica', 'salesiana', 'de', 'ecuador', 'pertenece', 'a', 'la', 'red', 'ius', 'institutos', 'y', 'universidades', 'salesianas', 'del', 'mundo', 'es', 'decir', 'un', 'estudiante', 'alli', 'tienes', 'acceso', 'a', 'programas', 'de', 'intercambio', 'con', 'otras', 'universidades', 'salesianas', 'del', 'mundo', 'porque', 'si', 'la', 'universidad', 'salesiana', 'tiene', 'cedes', 'en', 'paises', 'tanto', 'en', 'europa', 'asia', 'africa', 'y', 'america', 'siendo', 'su', 'principal', 'la', 'universidad', 'politecnica', 'salesiana', 'de', 'italia', 'existen', 'programas', 'de', 'verano', 'donde', 'los', 'estudiantes', 'pueden', 'estudiar', 'uno', 'o', 'semestres', 'en', 'otra', 'universidad', 'fuera', 'de', 'ecuador', 'la', 'universidad', 'salesiana', 'junto', 'con', 'la', 'universidad', 'catolica', 'son', 'las', 'que', 'tienen', 'la', 'mayor', 'red', 'de', 'universidad', 'en', 'el', 'mundo', 'y', 'por', 'ende', 'los', 'estudiantes', 'tienen', 'a', 'multiples', 'programas', 'internacionales', 'de', 'educacion', 'superior', 'de', 'alli', 'porque', 'esta', 'universidad', 'es', 'una', 'de', 'las', 'mejores', 'del', 'pais', 'en', 'ecuador', 'la', 'universidad', 'politecnica', 'salesiana', 'tiene', 'sedes', 'cuenca', 'guayaquil', 'y', 'quitoen', 'quito', 'tiene', 'campus']",es,"['universidad', 'si', 'bien', 'privada', 'solo', 'financia', 'pago', 'estudiantes', 'universidad', 'recibe', 'asignacion', 'presupuestaria', 'ecuatoriano', 'ademas', 'recibir', 'fondos', 'iglesia', 'catolica', 'universidad', 'politecnica', 'salesiana', 'ecuador', 'pertenece', 'red', 'ius', 'institutos', 'universidades', 'salesianas', 'mundo', 'decir', 'estudiante', 'alli', 'acceso', 'programas', 'intercambio', 'universidades', 'salesianas', 'mundo', 'si', 'universidad', 'salesiana', 'cedes', 'paises', 'europa', 'asia', 'africa', 'america', 'siendo', 'principal', 'universidad', 'politecnica', 'salesiana', 'italia', 'existen', 'programas', 'verano', 'estudiantes', 'pueden', 'estudiar', 'semestres', 'universidad', 'ecuador', 'universidad', 'salesiana', 'junto', 'universidad', 'catolica', 'mayor', 'red', 'universidad', 'mundo', 'ende', 'estudiantes', 'multiples', 'programas', 'internacionales', 'educacion', 'superior', 'alli', 'universidad', 'mejores', 'pais', 'ecuador', 'universidad', 'politecnica', 'salesiana', 'sedes', 'cuenca', 'guayaquil', 'quitoen', 'quito', 'campus']","['universidad', 'si', 'bien', 'privado', 'solo', 'financia', 'pago', 'estudiant', 'universidad', 'recibir', 'asignacion', 'presupuestario', 'ecuatoriano', 'adema', 'recibir', 'fondo', 'iglesia', 'catolico', 'universidad', 'politecnico', 'salesián', 'ecuador', 'pertenecer', 'red', 'ius', 'instituto', 'universidad', 'salesiana', 'mundo', 'decir', 'estudiante', 'alli', 'acceso', 'programa', 'intercambio', 'universidad', 'salesiana', 'mundo', 'si', 'universidad', 'salesián', 'ced', 'país', 'europa', 'asia', 'africo', 'americo', 'ser', 'principal', 'universidad', 'politecnico', 'salesián', 'italia', 'existir', 'programa', 'verano', 'estudiant', 'poder', 'estudiar', 'semestre', 'universidad', 'ecuador', 'universidad', 'salesián', 'junto', 'universidad', 'catolico', 'mayor', 'red', 'universidad', 'mundo', 'ende', 'estudiante', 'multipl', 'programa', 'internacional', 'educacion', 'superior', 'alli', 'universidad', 'mejor', 'pais', 'ecuador', 'universidad', 'politecnico', 'salesián', 'sed', 'cuencar', 'guayaquil', 'quitoen', 'quito', 'campus']"
gran video cris y eso q te falto conocer el coliseo los laboratorios la biblioteca es muy completa ademas de tener la sede sur que no le pide nada a las otras universidades pagadas debes conocer la sede sur,"['gran', 'video', 'cris', 'y', 'eso', 'q', 'te', 'falto', 'conocer', 'el', 'coliseo', 'los', 'laboratorios', 'la', 'biblioteca', 'es', 'muy', 'completa', 'ademas', 'de', 'tener', 'la', 'sede', 'sur', 'que', 'no', 'le', 'pide', 'nada', 'a', 'las', 'otras', 'universidades', 'pagadas', 'debes', 'conocer', 'la', 'sede', 'sur']",es,"['gran', 'video', 'cris', 'q', 'falto', 'conocer', 'coliseo', 'laboratorios', 'biblioteca', 'completa', 'ademas', 'tener', 'sede', 'sur', 'pide', 'universidades', 'pagadas', 'debes', 'conocer', 'sede', 'sur']","['gran', 'video', 'cris', 'q', 'falto', 'conocer', 'coliseo', 'laboratorio', 'biblioteco', 'completo', 'adema', 'tener', 'sede', 'sur', 'pedir', 'universidad', 'pagado', 'deber', 'conocer', 'sede', 'sur']"
felicitaciones chris otro excelente video bonita universidad,"['felicitaciones', 'chris', 'otro', 'excelente', 'video', 'bonita', 'universidad']",es,"['felicitaciones', 'chris', 'excelente', 'video', 'bonita', 'universidad']","['felicitación', 'chri', 'excelente', 'video', 'bonito', 'universidad']"
linda universidad el precio de deberia ser el precio maximo por semestre en todas las universidades del ecuador no puede ser un negocio el estado debe regular y controlar los precios,"['linda', 'universidad', 'el', 'precio', 'de', 'deberia', 'ser', 'el', 'precio', 'maximo', 'por', 'semestre', 'en', 'todas', 'las', 'universidades', 'del', 'ecuador', 'no', 'puede', 'ser', 'un', 'negocio', 'el', 'estado', 'debe', 'regular', 'y', 'controlar', 'los', 'precios']",es,"['linda', 'universidad', 'precio', 'deberia', 'ser', 'precio', 'maximo', 'semestre', 'todas', 'universidades', 'ecuador', 'puede', 'ser', 'negocio', 'debe', 'regular', 'controlar', 'precios']","['lindo', 'universidad', 'precio', 'deberio', 'ser', 'precio', 'maximo', 'semestre', 'todo', 'universidad', 'ecuador', 'poder', 'ser', 'negocio', 'deber', 'regular', 'controlar', 'precio']"
muy bien chris felicitaciones y exitos en tus trabajos,"['muy', 'bien', 'chris', 'felicitaciones', 'y', 'exitos', 'en', 'tus', 'trabajos']",es,"['bien', 'chris', 'felicitaciones', 'exitos', 'trabajos']","['bien', 'chris', 'felicitación', 'exito', 'trabajo']"
yo tambien soy salesiana me gradue hace anos de pregrado gracias a la beca cers de la universidad pude lograrlo y ahora estudio mi maestria en la sale mismo es un universidad muy buena y con conciencia social,"['yo', 'tambien', 'soy', 'salesiana', 'me', 'gradue', 'hace', 'anos', 'de', 'pregrado', 'gracias', 'a', 'la', 'beca', 'cers', 'de', 'la', 'universidad', 'pude', 'lograrlo', 'y', 'ahora', 'estudio', 'mi', 'maestria', 'en', 'la', 'sale', 'mismo', 'es', 'un', 'universidad', 'muy', 'buena', 'y', 'con', 'conciencia', 'social']",es,"['tambien', 'salesiana', 'gradue', 'hace', 'anos', 'pregrado', 'gracias', 'beca', 'cers', 'universidad', 'pude', 'lograrlo', 'ahora', 'estudio', 'maestria', 'sale', 'mismo', 'universidad', 'buena', 'conciencia', 'social']","['tambien', 'salesián', 'gradue', 'hacer', 'ano', 'pregrado', 'gracias', 'beca', 'cer', 'universidad', 'poder', 'lograr él', 'ahora', 'estudio', 'maestrio', 'salir', 'mismo', 'universidad', 'buen', 'conciencia', 'social']"
excelente te falta aun visitar el campus de la universidad salesiana del sur de quito donde estan las carreras de ingenieria,"['excelente', 'te', 'falta', 'aun', 'visitar', 'el', 'campus', 'de', 'la', 'universidad', 'salesiana', 'del', 'sur', 'de', 'quito', 'donde', 'estan', 'las', 'carreras', 'de', 'ingenieria']",es,"['excelente', 'falta', 'aun', 'visitar', 'campus', 'universidad', 'salesiana', 'sur', 'quito', 'estan', 'carreras', 'ingenieria']","['excelente', 'falta', 'aun', 'visitar', 'campus', 'universidad', 'salesián', 'sur', 'quito', 'estar', 'carrera', 'ingenierio']"
cuesta un poco menos que la mitad de mi sueldo actual todo gracias a la sale que en la modalidad de horario vespertino me permitio trabajar desde que estaba en to semestre ya sali de la u con dos anios de experiencia trabajando basicamente y eso me ayudo mucho ojala sigan manteniendo esa flexibilidad de horarios que permiten obtener experiencia laboral antes de egresar,"['cuesta', 'un', 'poco', 'menos', 'que', 'la', 'mitad', 'de', 'mi', 'sueldo', 'actual', 'todo', 'gracias', 'a', 'la', 'sale', 'que', 'en', 'la', 'modalidad', 'de', 'horario', 'vespertino', 'me', 'permitio', 'trabajar', 'desde', 'que', 'estaba', 'en', 'to', 'semestre', 'ya', 'sali', 'de', 'la', 'u', 'con', 'dos', 'anios', 'de', 'experiencia', 'trabajando', 'basicamente', 'y', 'eso', 'me', 'ayudo', 'mucho', 'ojala', 'sigan', 'manteniendo', 'esa', 'flexibilidad', 'de', 'horarios', 'que', 'permiten', 'obtener', 'experiencia', 'laboral', 'antes', 'de', 'egresar']",es,"['cuesta', 'menos', 'mitad', 'sueldo', 'actual', 'gracias', 'sale', 'modalidad', 'horario', 'vespertino', 'permitio', 'trabajar', 'to', 'semestre', 'sali', 'u', 'dos', 'anios', 'experiencia', 'trabajando', 'basicamente', 'ayudo', 'ojala', 'sigan', 'manteniendo', 'flexibilidad', 'horarios', 'permiten', 'obtener', 'experiencia', 'laboral', 'egresar']","['costar', 'menos', 'mitad', 'sueldo', 'actual', 'gracias', 'salir', 'modalidad', 'horario', 'vespertino', 'permitio', 'trabajar', 'to', 'semestre', 'sali', 'u', 'dos', 'anio', 'experiencia', 'trabajar', 'basicamente', 'ayudo', 'ojala', 'seguir', 'mantener', 'flexibilidad', 'horario', 'permitir', 'obtener', 'experiencia', 'laboral', 'egresar']"
todas las universidades en quito estan muy caras poniendose a comparar el ingreso por cada persona y los precios en cada universidad esto es una locura aqui en eeuu tambien hay las universidades mas economicas que han de ser unos por semestre pero el salario minimo es como veces el salario minimo del ecuador los activos fijos la comida todo precio esta inflado en ecuador,"['todas', 'las', 'universidades', 'en', 'quito', 'estan', 'muy', 'caras', 'poniendose', 'a', 'comparar', 'el', 'ingreso', 'por', 'cada', 'persona', 'y', 'los', 'precios', 'en', 'cada', 'universidad', 'esto', 'es', 'una', 'locura', 'aqui', 'en', 'eeuu', 'tambien', 'hay', 'las', 'universidades', 'mas', 'economicas', 'que', 'han', 'de', 'ser', 'unos', 'por', 'semestre', 'pero', 'el', 'salario', 'minimo', 'es', 'como', 'veces', 'el', 'salario', 'minimo', 'del', 'ecuador', 'los', 'activos', 'fijos', 'la', 'comida', 'todo', 'precio', 'esta', 'inflado', 'en', 'ecuador']",es,"['todas', 'universidades', 'quito', 'estan', 'caras', 'poniendose', 'comparar', 'ingreso', 'cada', 'persona', 'precios', 'cada', 'universidad', 'locura', 'aqui', 'eeuu', 'tambien', 'universidades', 'mas', 'economicas', 'ser', 'semestre', 'salario', 'minimo', 'veces', 'salario', 'minimo', 'ecuador', 'activos', 'fijos', 'comida', 'precio', 'inflado', 'ecuador']","['todo', 'universidad', 'quito', 'estar', 'cara', 'poner él', 'comparar', 'ingreso', 'cada', 'persona', 'precio', 'cada', 'universidad', 'locuro', 'aqui', 'eeuu', 'tambien', 'universidad', 'mas', 'economica', 'ser', 'semestrar', 'salario', 'minimo', 'vez', 'salario', 'minimo', 'ecuador', 'activo', 'fijo', 'comida', 'precio', 'inflado', 'ecuador']"
muy buen video me han comentado que la umet tambien esta dentro de ese rango conjuntamente con la salesiana y la israel saludos,"['muy', 'buen', 'video', 'me', 'han', 'comentado', 'que', 'la', 'umet', 'tambien', 'esta', 'dentro', 'de', 'ese', 'rango', 'conjuntamente', 'con', 'la', 'salesiana', 'y', 'la', 'israel', 'saludos']",es,"['buen', 'video', 'comentado', 'umet', 'tambien', 'dentro', 'rango', 'conjuntamente', 'salesiana', 'israel', 'saludos']","['buen', 'video', 'comentado', 'umet', 'tambien', 'dentro', 'ranguir', 'conjuntamente', 'salesián', 'israel', 'saludo']"
a cuanto cuesta el semestre,"['a', 'cuanto', 'cuesta', 'el', 'semestre']",es,"['cuanto', 'cuesta', 'semestre']","['cuanto', 'costar', 'semestre']"
que sede es disculpe,"['que', 'sede', 'es', 'disculpe']",es,"['sede', 'disculpe']","['sede', 'disculpe']"
hay examen de ingreso,"['hay', 'examen', 'de', 'ingreso']",es,"['examen', 'ingreso']","['examen', 'ingreso']"
hola me puedes ayudar con el costo final por fa de cada semestre,"['hola', 'me', 'puedes', 'ayudar', 'con', 'el', 'costo', 'final', 'por', 'fa', 'de', 'cada', 'semestre']",es,"['hola', 'puedes', 'ayudar', 'costo', 'final', 'fa', 'cada', 'semestre']","['hola', 'poder', 'ayudar', 'costo', 'final', 'far', 'cada', 'semestre']"
es dificil yo tambien quiero entrar a la salesiana,"['es', 'dificil', 'yo', 'tambien', 'quiero', 'entrar', 'a', 'la', 'salesiana']",es,"['dificil', 'tambien', 'quiero', 'entrar', 'salesiana']","['dificil', 'tambien', 'querer', 'entrar', 'salesián']"
que tal son los laboratorios,"['que', 'tal', 'son', 'los', 'laboratorios']",es,"['tal', 'laboratorios']","['tal', 'laboratorio']"
alguien que me diga si esta carrera no es tan compleja,"['alguien', 'que', 'me', 'diga', 'si', 'esta', 'carrera', 'no', 'es', 'tan', 'compleja']",es,"['alguien', 'diga', 'si', 'carrera', 'tan', 'compleja']","['alguien', 'decir', 'si', 'carrera', 'tanto', 'complejo']"
disculpen q toman en el examen de admision,"['disculpen', 'q', 'toman', 'en', 'el', 'examen', 'de', 'admision']",es,"['disculpen', 'q', 'toman', 'examen', 'admision']","['disculpar', 'q', 'tomar', 'examen', 'admision']"
si o no marino,"['si', 'o', 'no', 'marino']",it,"['si', 'o', 'no', 'marino']","['si', 'o', 'no', 'marino']"
es una universidad en mi opinion,"['es', 'una', 'universidad', 'en', 'mi', 'opinion']",es,"['universidad', 'opinion']","['universidad', 'opinion']"
con decirte que una ex ministra saco titulo en menos de un ano y luego decia que ha luchado como el pueblo para donde esta te muestra como es esa universidad,"['con', 'decirte', 'que', 'una', 'ex', 'ministra', 'saco', 'titulo', 'en', 'menos', 'de', 'un', 'ano', 'y', 'luego', 'decia', 'que', 'ha', 'luchado', 'como', 'el', 'pueblo', 'para', 'donde', 'esta', 'te', 'muestra', 'como', 'es', 'esa', 'universidad']",es,"['decirte', 'ex', 'ministra', 'saco', 'titulo', 'menos', 'ano', 'luego', 'decia', 'luchado', 'pueblo', 'muestra', 'universidad']","['decir tú', 'ex', 'ministra', 'saco', 'titulo', 'menos', 'ano', 'luego', 'decia', 'luchado', 'pueblo', 'mostrar', 'universidad']"
cuales si tienen prestigio,"['cuales', 'si', 'tienen', 'prestigio']",es,"['cuales', 'si', 'prestigio']","['cual', 'si', 'prestigiar']"
deleted,['deleted'],da,['deleted'],['deleted']
depende la carrera por ejemplo para derecho es terrible no hay casi clases y no ensenan con mucha pasion pero para carreras como fisioterapia es muy buena hay profesionales muy capaces y son muy estrictos con la anatomia y se estudia bastante duro,"['depende', 'la', 'carrera', 'por', 'ejemplo', 'para', 'derecho', 'es', 'terrible', 'no', 'hay', 'casi', 'clases', 'y', 'no', 'ensenan', 'con', 'mucha', 'pasion', 'pero', 'para', 'carreras', 'como', 'fisioterapia', 'es', 'muy', 'buena', 'hay', 'profesionales', 'muy', 'capaces', 'y', 'son', 'muy', 'estrictos', 'con', 'la', 'anatomia', 'y', 'se', 'estudia', 'bastante', 'duro']",es,"['depende', 'carrera', 'ejemplo', 'derecho', 'terrible', 'casi', 'clases', 'ensenan', 'mucha', 'pasion', 'carreras', 'fisioterapia', 'buena', 'profesionales', 'capaces', 'estrictos', 'anatomia', 'estudia', 'bastante', 'duro']","['depender', 'carrera', 'ejemplo', 'derecho', 'terrible', 'casi', 'clase', 'ensenar', 'mucho', 'pasion', 'carrera', 'fisioterapia', 'buen', 'profesional', 'capaz', 'estricto', 'anatomio', 'estudiar', 'bastante', 'duro']"
diria que la que tiene es la san francisco de quito pero es cara dependiendo de las carreras obvio,"['diria', 'que', 'la', 'que', 'tiene', 'es', 'la', 'san', 'francisco', 'de', 'quito', 'pero', 'es', 'cara', 'dependiendo', 'de', 'las', 'carreras', 'obvio']",es,"['diria', 'san', 'francisco', 'quito', 'cara', 'dependiendo', 'carreras', 'obvio']","['diria', 'san', 'francisco', 'quito', 'cara', 'depender', 'carrera', 'obvio']"
no mucho,"['no', 'mucho']",cs,"['no', 'mucho']","['no', 'mucho']"
no,['no'],tl,['no'],['no']
no,['no'],tl,['no'],['no']
no,['no'],tl,['no'],['no']
no,['no'],tl,['no'],['no']
no,['no'],tl,['no'],['no']
ninguno,['ninguno'],tl,['ninguno'],['ninguno']
si deseas una universidad politecnica te recomendaria la universidad politecnica nacional o la espe,"['si', 'deseas', 'una', 'universidad', 'politecnica', 'te', 'recomendaria', 'la', 'universidad', 'politecnica', 'nacional', 'o', 'la', 'espe']",es,"['si', 'deseas', 'universidad', 'politecnica', 'recomendaria', 'universidad', 'politecnica', 'nacional', 'espe']","['si', 'desea', 'universidad', 'politecnico', 'recomendario', 'universidad', 'politecnico', 'nacional', 'espe']"
lo unico bueno ah consideracion depende de tu malla de carrera espol se concentra mas en las areas de ciencia de la tecnologia y industrializacion siendo esta reconocida como la segunda mejor universidad en ecuador aparte de la san francicos de quito pero esa es demasiada cara si quieres una opcion pagada fuera por la ues o la uide claro dependiendo de lo que elijas estudiar,"['lo', 'unico', 'bueno', 'ah', 'consideracion', 'depende', 'de', 'tu', 'malla', 'de', 'carrera', 'espol', 'se', 'concentra', 'mas', 'en', 'las', 'areas', 'de', 'ciencia', 'de', 'la', 'tecnologia', 'y', 'industrializacion', 'siendo', 'esta', 'reconocida', 'como', 'la', 'segunda', 'mejor', 'universidad', 'en', 'ecuador', 'aparte', 'de', 'la', 'san', 'francicos', 'de', 'quito', 'pero', 'esa', 'es', 'demasiada', 'cara', 'si', 'quieres', 'una', 'opcion', 'pagada', 'fuera', 'por', 'la', 'ues', 'o', 'la', 'uide', 'claro', 'dependiendo', 'de', 'lo', 'que', 'elijas', 'estudiar']",es,"['unico', 'bueno', 'ah', 'consideracion', 'depende', 'malla', 'carrera', 'espol', 'concentra', 'mas', 'areas', 'ciencia', 'tecnologia', 'industrializacion', 'siendo', 'reconocida', 'segunda', 'mejor', 'universidad', 'ecuador', 'aparte', 'san', 'francicos', 'quito', 'demasiada', 'cara', 'si', 'quieres', 'opcion', 'pagada', 'ues', 'uide', 'claro', 'dependiendo', 'elijas', 'estudiar']","['unico', 'bueno', 'ah', 'consideracion', 'depender', 'malla', 'carrera', 'espol', 'concentrar', 'mas', 'areas', 'ciencia', 'tecnologia', 'industrializacion', 'ser', 'reconocer', 'segundo', 'mejor', 'universidad', 'ecuador', 'aparte', 'san', 'francico', 'quito', 'demasiado', 'cara', 'si', 'querer', 'opcion', 'pagado', 'ue', 'uide', 'claro', 'depender', 'elija', 'estudiar']"
uy,['uy'],tr,['uy'],['uy']
ajajj,['ajajj'],sl,['ajajj'],['ajajj']
realmente depende de la carrera y cuanto dinero tengas si el dinero no es un problema la san francisco,"['realmente', 'depende', 'de', 'la', 'carrera', 'y', 'cuanto', 'dinero', 'tengas', 'si', 'el', 'dinero', 'no', 'es', 'un', 'problema', 'la', 'san', 'francisco']",es,"['realmente', 'depende', 'carrera', 'cuanto', 'dinero', 'si', 'dinero', 'problema', 'san', 'francisco']","['realmente', 'depender', 'carrera', 'cuanto', 'dinero', 'si', 'dinero', 'problema', 'san', 'francisco']"
quien dijo que voy a ir a ecuador,"['quien', 'dijo', 'que', 'voy', 'a', 'ir', 'a', 'ecuador']",es,"['dijo', 'voy', 'ir', 'ecuador']","['decir', 'ir', 'ir', 'ecuador']"
no voy a estudiar ahi jaja es que en mi uni vamos a colaborar con los estudiantes de esta en un proyecto y me daba curiosidad pero gracias x la info,"['no', 'voy', 'a', 'estudiar', 'ahi', 'jaja', 'es', 'que', 'en', 'mi', 'uni', 'vamos', 'a', 'colaborar', 'con', 'los', 'estudiantes', 'de', 'esta', 'en', 'un', 'proyecto', 'y', 'me', 'daba', 'curiosidad', 'pero', 'gracias', 'x', 'la', 'info']",es,"['voy', 'estudiar', 'ahi', 'jaja', 'uni', 'vamos', 'colaborar', 'estudiantes', 'proyecto', 'daba', 'curiosidad', 'gracias', 'x', 'info']","['ir', 'estudiar', 'ahi', 'jajar', 'uni', 'ir', 'colaborar', 'estudiante', 'proyecto', 'dar', 'curiosidad', 'gracias', 'x', 'info']"
lo de ser catolico o no te aseguro que es un mito no se quien te habra dicho eso xd lo demas no puedo decirte mucho me acabo de graduar,"['lo', 'de', 'ser', 'catolico', 'o', 'no', 'te', 'aseguro', 'que', 'es', 'un', 'mito', 'no', 'se', 'quien', 'te', 'habra', 'dicho', 'eso', 'xd', 'lo', 'demas', 'no', 'puedo', 'decirte', 'mucho', 'me', 'acabo', 'de', 'graduar']",es,"['ser', 'catolico', 'aseguro', 'mito', 'habra', 'dicho', 'xd', 'demas', 'puedo', 'decirte', 'acabo', 'graduar']","['ser', 'catolico', 'aseguro', 'mito', 'habrar', 'dicho', 'xd', 'demas', 'poder', 'decirte', 'acabar', 'graduar']"
saludos recuerde esto y quizas poco se habla en cualquier profesion trata de ser el mejor y aprender para que ofrezca un servicio de calidad y hacer contactos luego son muy importantes hasta para tener referencias profesionales y recomendaciones aprenda finanzas personales los ecuatorianos no sabemos la mayoria ni la diferencia entre una tarjeta de debito y credito nunca deje de aprender algo nuevo,"['saludos', 'recuerde', 'esto', 'y', 'quizas', 'poco', 'se', 'habla', 'en', 'cualquier', 'profesion', 'trata', 'de', 'ser', 'el', 'mejor', 'y', 'aprender', 'para', 'que', 'ofrezca', 'un', 'servicio', 'de', 'calidad', 'y', 'hacer', 'contactos', 'luego', 'son', 'muy', 'importantes', 'hasta', 'para', 'tener', 'referencias', 'profesionales', 'y', 'recomendaciones', 'aprenda', 'finanzas', 'personales', 'los', 'ecuatorianos', 'no', 'sabemos', 'la', 'mayoria', 'ni', 'la', 'diferencia', 'entre', 'una', 'tarjeta', 'de', 'debito', 'y', 'credito', 'nunca', 'deje', 'de', 'aprender', 'algo', 'nuevo']",es,"['saludos', 'recuerde', 'quizas', 'habla', 'cualquier', 'profesion', 'trata', 'ser', 'mejor', 'aprender', 'ofrezca', 'servicio', 'calidad', 'hacer', 'contactos', 'luego', 'importantes', 'tener', 'referencias', 'profesionales', 'recomendaciones', 'aprenda', 'finanzas', 'personales', 'ecuatorianos', 'sabemos', 'mayoria', 'diferencia', 'tarjeta', 'debito', 'credito', 'nunca', 'deje', 'aprender', 'nuevo']","['saludo', 'recordar', 'quiza', 'hablar', 'cualquiera', 'profesion', 'tratar', 'ser', 'mejor', 'aprender', 'ofrecer', 'servicio', 'calidad', 'hacer', 'contacto', 'luego', 'importante', 'tener', 'referencia', 'profesional', 'recomendación', 'aprendar', 'finanza', 'personal', 'ecuatoriano', 'saber', 'mayoria', 'diferenciar', 'tarjeto', 'debito', 'credito', 'nunca', 'dejar', 'aprender', 'nuevo']"
perdon por no responder a tu pregunta pero cuando entres a la u haz contactos no solo con manes de tu carrera haz contactos de carreras afines o de gente que ya trabaja en tu sector si algun profe necesita de algun ayudante nano asi no te paguen metete ahi eso en la vida laboral te va ayudar mucho odio decirlo pero sin contactos en la vida laboral es complicado encontrar trabajo suerte,"['perdon', 'por', 'no', 'responder', 'a', 'tu', 'pregunta', 'pero', 'cuando', 'entres', 'a', 'la', 'u', 'haz', 'contactos', 'no', 'solo', 'con', 'manes', 'de', 'tu', 'carrera', 'haz', 'contactos', 'de', 'carreras', 'afines', 'o', 'de', 'gente', 'que', 'ya', 'trabaja', 'en', 'tu', 'sector', 'si', 'algun', 'profe', 'necesita', 'de', 'algun', 'ayudante', 'nano', 'asi', 'no', 'te', 'paguen', 'metete', 'ahi', 'eso', 'en', 'la', 'vida', 'laboral', 'te', 'va', 'ayudar', 'mucho', 'odio', 'decirlo', 'pero', 'sin', 'contactos', 'en', 'la', 'vida', 'laboral', 'es', 'complicado', 'encontrar', 'trabajo', 'suerte']",es,"['perdon', 'responder', 'pregunta', 'entres', 'u', 'haz', 'contactos', 'solo', 'manes', 'carrera', 'haz', 'contactos', 'carreras', 'afines', 'gente', 'trabaja', 'sector', 'si', 'algun', 'profe', 'necesita', 'algun', 'ayudante', 'nano', 'asi', 'paguen', 'metete', 'ahi', 'vida', 'laboral', 'va', 'ayudar', 'odio', 'decirlo', 'contactos', 'vida', 'laboral', 'complicado', 'encontrar', 'trabajo', 'suerte']","['perdon', 'responder', 'pregunta', 'entr', 'u', 'haz', 'contacto', 'solo', 'man', 'carrero', 'haz', 'contacto', 'carrera', 'afín', 'gente', 'trabajar', 'sector', 'si', 'algun', 'profe', 'necesitar', 'algun', 'ayudante', 'nano', 'asi', 'pagar', 'metete', 'ahi', 'vida', 'laboral', 'ir', 'ayudar', 'odio', 'decir él', 'contacto', 'vida', 'laboral', 'complicado', 'encontrar', 'trabajo', 'suerte']"
hey que tal sabes que sobre la ups no se nada jaja pero si te puedo hablar sobre la carrera de ing mecatronicasoy graduado hace ya casi una ano en universidad privada y si te soy sincero el campo laboral esta muy dificil te hablo desde mi punto de vista pero en la universidad con te dicen en otros comentarios trata de hacer amistades en todo lugar y si tienes amistades con psicologos o personas que trabajen en recursos humanoscreeme que te va ser de mucha ayuda en mi carrera por lo menos mi circulo de amigos ninguno esta trabajando el algo que sea de mecatronica algunos se fueron los la programacionpaginas web apps etc otros trabajan en areas de ventas de maquinaria o de dispositivos tecnologicos otros trabajan en otras cosas que no son de la carrera y otros decidieron viajaar es vrdd lo que dicen sobre que si un profesor necesita algun ayudante o algo por estilo metete de cabeza siempre y cuando sea referente a lo que te apasione si vas a seguir mecatronica debes saber que hay muchos campos en los cuales puedes aplicar redes programacion automatizacion manufactura y tal pero no vas a salir siendo un capo de estos de la universidad si te puedo dar un consejo busca pasantias despues de tu do o r semestre todo eso suma a tu hoja de vida y asi tambien vas buscando que te gusta y cuando ya te gusta algo ya es diferente metele muchas ganas y nunca dejes de estudiar siempre saca certificados de algo tambien ayuda en hoja de vida,"['hey', 'que', 'tal', 'sabes', 'que', 'sobre', 'la', 'ups', 'no', 'se', 'nada', 'jaja', 'pero', 'si', 'te', 'puedo', 'hablar', 'sobre', 'la', 'carrera', 'de', 'ing', 'mecatronicasoy', 'graduado', 'hace', 'ya', 'casi', 'una', 'ano', 'en', 'universidad', 'privada', 'y', 'si', 'te', 'soy', 'sincero', 'el', 'campo', 'laboral', 'esta', 'muy', 'dificil', 'te', 'hablo', 'desde', 'mi', 'punto', 'de', 'vista', 'pero', 'en', 'la', 'universidad', 'con', 'te', 'dicen', 'en', 'otros', 'comentarios', 'trata', 'de', 'hacer', 'amistades', 'en', 'todo', 'lugar', 'y', 'si', 'tienes', 'amistades', 'con', 'psicologos', 'o', 'personas', 'que', 'trabajen', 'en', 'recursos', 'humanoscreeme', 'que', 'te', 'va', 'ser', 'de', 'mucha', 'ayuda', 'en', 'mi', 'carrera', 'por', 'lo', 'menos', 'mi', 'circulo', 'de', 'amigos', 'ninguno', 'esta', 'trabajando', 'el', 'algo', 'que', 'sea', 'de', 'mecatronica', 'algunos', 'se', 'fueron', 'los', 'la', 'programacionpaginas', 'web', 'apps', 'etc', 'otros', 'trabajan', 'en', 'areas', 'de', 'ventas', 'de', 'maquinaria', 'o', 'de', 'dispositivos', 'tecnologicos', 'otros', 'trabajan', 'en', 'otras', 'cosas', 'que', 'no', 'son', 'de', 'la', 'carrera', 'y', 'otros', 'decidieron', 'viajaar', 'es', 'vrdd', 'lo', 'que', 'dicen', 'sobre', 'que', 'si', 'un', 'profesor', 'necesita', 'algun', 'ayudante', 'o', 'algo', 'por', 'estilo', 'metete', 'de', 'cabeza', 'siempre', 'y', 'cuando', 'sea', 'referente', 'a', 'lo', 'que', 'te', 'apasione', 'si', 'vas', 'a', 'seguir', 'mecatronica', 'debes', 'saber', 'que', 'hay', 'muchos', 'campos', 'en', 'los', 'cuales', 'puedes', 'aplicar', 'redes', 'programacion', 'automatizacion', 'manufactura', 'y', 'tal', 'pero', 'no', 'vas', 'a', 'salir', 'siendo', 'un', 'capo', 'de', 'estos', 'de', 'la', 'universidad', 'si', 'te', 'puedo', 'dar', 'un', 'consejo', 'busca', 'pasantias', 'despues', 'de', 'tu', 'do', 'o', 'r', 'semestre', 'todo', 'eso', 'suma', 'a', 'tu', 'hoja', 'de', 'vida', 'y', 'asi', 'tambien', 'vas', 'buscando', 'que', 'te', 'gusta', 'y', 'cuando', 'ya', 'te', 'gusta', 'algo', 'ya', 'es', 'diferente', 'metele', 'muchas', 'ganas', 'y', 'nunca', 'dejes', 'de', 'estudiar', 'siempre', 'saca', 'certificados', 'de', 'algo', 'tambien', 'ayuda', 'en', 'hoja', 'de', 'vida']",es,"['hey', 'tal', 'sabes', 'ups', 'jaja', 'si', 'puedo', 'hablar', 'carrera', 'ing', 'mecatronicasoy', 'graduado', 'hace', 'casi', 'ano', 'universidad', 'privada', 'si', 'sincero', 'campo', 'laboral', 'dificil', 'hablo', 'punto', 'vista', 'universidad', 'dicen', 'comentarios', 'trata', 'hacer', 'amistades', 'lugar', 'si', 'amistades', 'psicologos', 'personas', 'trabajen', 'recursos', 'humanoscreeme', 'va', 'ser', 'mucha', 'ayuda', 'carrera', 'menos', 'circulo', 'amigos', 'ninguno', 'trabajando', 'mecatronica', 'programacionpaginas', 'web', 'apps', 'etc', 'trabajan', 'areas', 'ventas', 'maquinaria', 'dispositivos', 'tecnologicos', 'trabajan', 'cosas', 'carrera', 'decidieron', 'viajaar', 'vrdd', 'dicen', 'si', 'profesor', 'necesita', 'algun', 'ayudante', 'estilo', 'metete', 'cabeza', 'siempre', 'referente', 'apasione', 'si', 'vas', 'seguir', 'mecatronica', 'debes', 'saber', 'campos', 'cuales', 'puedes', 'aplicar', 'redes', 'programacion', 'automatizacion', 'manufactura', 'tal', 'vas', 'salir', 'siendo', 'capo', 'universidad', 'si', 'puedo', 'dar', 'consejo', 'busca', 'pasantias', 'despues', 'do', 'r', 'semestre', 'suma', 'hoja', 'vida', 'asi', 'tambien', 'vas', 'buscando', 'gusta', 'gusta', 'diferente', 'metele', 'muchas', 'ganas', 'nunca', 'dejes', 'estudiar', 'siempre', 'saca', 'certificados', 'tambien', 'ayuda', 'hoja', 'vida']","['hey', 'tal', 'sabes', 'ups', 'jaja', 'si', 'poder', 'hablar', 'carrera', 'ing', 'mecatronicasoy', 'graduado', 'hacer', 'casi', 'ano', 'universidad', 'privado', 'si', 'sincero', 'campo', 'laboral', 'dificil', 'hablo', 'punto', 'visto', 'universidad', 'decir', 'comentario', 'tratar', 'hacer', 'amistad', 'lugar', 'si', 'amistadser', 'psicologo', 'persona', 'trabajen', 'recurso', 'humanoscreemir', 'ir', 'ser', 'mucho', 'ayuda', 'carrera', 'menos', 'circulo', 'amigo', 'ninguno', 'trabajar', 'mecatronico', 'programacionpagina', 'web', 'apps', 'etc', 'trabajar', 'area', 'venta', 'maquinario', 'dispositivo', 'tecnologico', 'trabajar', 'cosa', 'carrero', 'decidir', 'viajaar', 'vrdd', 'decir', 'si', 'profesor', 'necesitar', 'algun', 'ayudante', 'estilo', 'metete', 'cabezar', 'siempre', 'referente', 'apasionir', 'si', 'ir', 'seguir', 'mecatronico', 'deber', 'saber', 'campo', 'cual', 'poder', 'aplicar', 'red', 'programacion', 'automatizacion', 'manufactura', 'tal', 'vas', 'salir', 'ser', 'capo', 'universidad', 'si', 'poder', 'dar', 'consejo', 'buscar', 'pasantia', 'despu', 'do', 'r', 'semestre', 'sumar', 'hojo', 'vida', 'asi', 'tambien', 'va', 'buscar', 'gusta', 'gusto', 'diferente', 'metelir', 'mucho', 'gana', 'nunca', 'dej', 'estudiar', 'siempre', 'sacar', 'certificado', 'tambien', 'ayuda', 'hojo', 'vida']"
yo he tenido tres profesores de matematica y fisica que se graduaron de la politecnica y algo no se si nacional o salesiana excepto uno que me consta se graduo de la nacional los tres don muy malos explicando y tienen metodos largos complejos y ambiguos dicen que es la mejor universidad es la mejor del pais pero pienso todo lo contrario si te cuesta mucho entender los temas no te cabe espacio para pensar en como aplicar esos conocimientos yo pensaba entrar a la ute para mecatronica tambien mi consejo seria que hables con egresados de las universidades que esten entre tus opciones sobre dificultad de aprendizaje proyectos desarrollador y demas si tienes la posibilidad de estudiar fuera te recomendaria argentina que tiene en mi opinion la mejor ingeniera de la region suerte nano,"['yo', 'he', 'tenido', 'tres', 'profesores', 'de', 'matematica', 'y', 'fisica', 'que', 'se', 'graduaron', 'de', 'la', 'politecnica', 'y', 'algo', 'no', 'se', 'si', 'nacional', 'o', 'salesiana', 'excepto', 'uno', 'que', 'me', 'consta', 'se', 'graduo', 'de', 'la', 'nacional', 'los', 'tres', 'don', 'muy', 'malos', 'explicando', 'y', 'tienen', 'metodos', 'largos', 'complejos', 'y', 'ambiguos', 'dicen', 'que', 'es', 'la', 'mejor', 'universidad', 'es', 'la', 'mejor', 'del', 'pais', 'pero', 'pienso', 'todo', 'lo', 'contrario', 'si', 'te', 'cuesta', 'mucho', 'entender', 'los', 'temas', 'no', 'te', 'cabe', 'espacio', 'para', 'pensar', 'en', 'como', 'aplicar', 'esos', 'conocimientos', 'yo', 'pensaba', 'entrar', 'a', 'la', 'ute', 'para', 'mecatronica', 'tambien', 'mi', 'consejo', 'seria', 'que', 'hables', 'con', 'egresados', 'de', 'las', 'universidades', 'que', 'esten', 'entre', 'tus', 'opciones', 'sobre', 'dificultad', 'de', 'aprendizaje', 'proyectos', 'desarrollador', 'y', 'demas', 'si', 'tienes', 'la', 'posibilidad', 'de', 'estudiar', 'fuera', 'te', 'recomendaria', 'argentina', 'que', 'tiene', 'en', 'mi', 'opinion', 'la', 'mejor', 'ingeniera', 'de', 'la', 'region', 'suerte', 'nano']",es,"['tres', 'profesores', 'matematica', 'fisica', 'graduaron', 'politecnica', 'si', 'nacional', 'salesiana', 'excepto', 'consta', 'graduo', 'nacional', 'tres', 'don', 'malos', 'explicando', 'metodos', 'largos', 'complejos', 'ambiguos', 'dicen', 'mejor', 'universidad', 'mejor', 'pais', 'pienso', 'contrario', 'si', 'cuesta', 'entender', 'temas', 'cabe', 'espacio', 'pensar', 'aplicar', 'conocimientos', 'pensaba', 'entrar', 'ute', 'mecatronica', 'tambien', 'consejo', 'seria', 'hables', 'egresados', 'universidades', 'esten', 'opciones', 'dificultad', 'aprendizaje', 'proyectos', 'desarrollador', 'demas', 'si', 'posibilidad', 'estudiar', 'recomendaria', 'argentina', 'opinion', 'mejor', 'ingeniera', 'region', 'suerte', 'nano']","['tres', 'profesor', 'matematico', 'fisico', 'graduar', 'politecnico', 'si', 'nacional', 'salesián', 'excepto', 'constar', 'graduo', 'nacional', 'tres', 'don', 'malo', 'explicar', 'metodo', 'largo', 'complejo', 'ambiguo', 'decir', 'mejor', 'universidad', 'mejor', 'pais', 'pensar', 'contrario', 'si', 'costar', 'entender', 'tema', 'caber', 'espacio', 'pensar', 'aplicar', 'conocimiento', 'pensar', 'entrar', 'ute', 'mecatronico', 'tambien', 'consejo', 'serio', 'habl', 'egresado', 'universidad', 'estir', 'opción', 'dificultad', 'aprendizaje', 'proyecto', 'desarrollador', 'demas', 'si', 'posibilidad', 'estudiar', 'recomendario', 'argentina', 'opinion', 'mejor', 'ingenierar', 'region', 'suerte', 'nano']"
mi experiencia tanto de trabajador como de estudiante en la ups comparandola con otras universidades donde pude estudiar y trabajar fue agradable profesores buenos y bastante profesional los laboratorios y sus ingenieros estan capacitados ademas de un ambiente social ameno es falso lo de si no eres catolico te va mal aunq existen las materias que les llaman de diosito son materias de antropologia etica servicio social etc eso si como toda entidad educativa tiene sus casos de frustrantes hay algunos profesores q quieren imponer ideologia o con algun estigma pero la ventaja es q se puede entrar en dialogo algunos consejos q te puedo dar es que aproveches los cursos extras q suelen dar habla con los profesores y comunicales algun proyecto o interes en algun tema que tengas suelen ayudarte para conseguirlos aprovecha los lugares que te dan de practicas y servicios sociales de ahi sales con bastantes contactos,"['mi', 'experiencia', 'tanto', 'de', 'trabajador', 'como', 'de', 'estudiante', 'en', 'la', 'ups', 'comparandola', 'con', 'otras', 'universidades', 'donde', 'pude', 'estudiar', 'y', 'trabajar', 'fue', 'agradable', 'profesores', 'buenos', 'y', 'bastante', 'profesional', 'los', 'laboratorios', 'y', 'sus', 'ingenieros', 'estan', 'capacitados', 'ademas', 'de', 'un', 'ambiente', 'social', 'ameno', 'es', 'falso', 'lo', 'de', 'si', 'no', 'eres', 'catolico', 'te', 'va', 'mal', 'aunq', 'existen', 'las', 'materias', 'que', 'les', 'llaman', 'de', 'diosito', 'son', 'materias', 'de', 'antropologia', 'etica', 'servicio', 'social', 'etc', 'eso', 'si', 'como', 'toda', 'entidad', 'educativa', 'tiene', 'sus', 'casos', 'de', 'frustrantes', 'hay', 'algunos', 'profesores', 'q', 'quieren', 'imponer', 'ideologia', 'o', 'con', 'algun', 'estigma', 'pero', 'la', 'ventaja', 'es', 'q', 'se', 'puede', 'entrar', 'en', 'dialogo', 'algunos', 'consejos', 'q', 'te', 'puedo', 'dar', 'es', 'que', 'aproveches', 'los', 'cursos', 'extras', 'q', 'suelen', 'dar', 'habla', 'con', 'los', 'profesores', 'y', 'comunicales', 'algun', 'proyecto', 'o', 'interes', 'en', 'algun', 'tema', 'que', 'tengas', 'suelen', 'ayudarte', 'para', 'conseguirlos', 'aprovecha', 'los', 'lugares', 'que', 'te', 'dan', 'de', 'practicas', 'y', 'servicios', 'sociales', 'de', 'ahi', 'sales', 'con', 'bastantes', 'contactos']",es,"['experiencia', 'trabajador', 'estudiante', 'ups', 'comparandola', 'universidades', 'pude', 'estudiar', 'trabajar', 'agradable', 'profesores', 'buenos', 'bastante', 'profesional', 'laboratorios', 'ingenieros', 'estan', 'capacitados', 'ademas', 'ambiente', 'social', 'ameno', 'falso', 'si', 'catolico', 'va', 'mal', 'aunq', 'existen', 'materias', 'llaman', 'diosito', 'materias', 'antropologia', 'etica', 'servicio', 'social', 'etc', 'si', 'toda', 'entidad', 'educativa', 'casos', 'frustrantes', 'profesores', 'q', 'quieren', 'imponer', 'ideologia', 'algun', 'estigma', 'ventaja', 'q', 'puede', 'entrar', 'dialogo', 'consejos', 'q', 'puedo', 'dar', 'aproveches', 'cursos', 'extras', 'q', 'suelen', 'dar', 'habla', 'profesores', 'comunicales', 'algun', 'proyecto', 'interes', 'algun', 'tema', 'suelen', 'ayudarte', 'conseguirlos', 'aprovecha', 'lugares', 'dan', 'practicas', 'servicios', 'sociales', 'ahi', 'sales', 'bastantes', 'contactos']","['experiencia', 'trabajador', 'estudiante', 'ups', 'comparandola', 'universidad', 'poder', 'estudiar', 'trabajar', 'agradable', 'profesor', 'buen', 'bastante', 'profesional', 'laboratorio', 'ingeniero', 'estar', 'capacitado', 'adema', 'ambiente', 'social', 'ameno', 'falso', 'si', 'catolico', 'ir', 'mal', 'aunq', 'existir', 'materia', 'llamar', 'diosito', 'materia', 'antropologio', 'etico', 'servicio', 'social', 'etc', 'si', 'todo', 'entidad', 'educativo', 'caso', 'frustrante', 'profesor', 'q', 'querer', 'imponer', 'ideologia', 'algun', 'estigma', 'ventaja', 'q', 'poder', 'entrar', 'dialogo', 'consejo', 'q', 'poder', 'dar', 'aprovech', 'curso', 'extra', 'q', 'soler', 'dar', 'hablar', 'profesor', 'comunical', 'algun', 'proyecto', 'inter', 'algun', 'tema', 'soler', 'ayudarte', 'conseguir él', 'aprovechar', 'lugar', 'dar', 'practica', 'servicio', 'social', 'ahi', 'sal', 'bastante', 'contacto']"
dependiendo de la industria existe una cierta narrativa que en esa universidad se va a joder tengo un familiar trabajando como ingeniero en alimentos y en su empresa no quieren saber nadie de la ups no digo que todos piensen asi pero mi consejo es que si vas a estudiar ahi e invertir en tu educacion cuando tengas la oportunidad preparate muy bien aprende otras habilidades y haz practicas profesionales que valgan la pena fuera de eso es igual que en otra universidad,"['dependiendo', 'de', 'la', 'industria', 'existe', 'una', 'cierta', 'narrativa', 'que', 'en', 'esa', 'universidad', 'se', 'va', 'a', 'joder', 'tengo', 'un', 'familiar', 'trabajando', 'como', 'ingeniero', 'en', 'alimentos', 'y', 'en', 'su', 'empresa', 'no', 'quieren', 'saber', 'nadie', 'de', 'la', 'ups', 'no', 'digo', 'que', 'todos', 'piensen', 'asi', 'pero', 'mi', 'consejo', 'es', 'que', 'si', 'vas', 'a', 'estudiar', 'ahi', 'e', 'invertir', 'en', 'tu', 'educacion', 'cuando', 'tengas', 'la', 'oportunidad', 'preparate', 'muy', 'bien', 'aprende', 'otras', 'habilidades', 'y', 'haz', 'practicas', 'profesionales', 'que', 'valgan', 'la', 'pena', 'fuera', 'de', 'eso', 'es', 'igual', 'que', 'en', 'otra', 'universidad']",es,"['dependiendo', 'industria', 'existe', 'cierta', 'narrativa', 'universidad', 'va', 'joder', 'familiar', 'trabajando', 'ingeniero', 'alimentos', 'empresa', 'quieren', 'saber', 'nadie', 'ups', 'digo', 'piensen', 'asi', 'consejo', 'si', 'vas', 'estudiar', 'ahi', 'invertir', 'educacion', 'oportunidad', 'preparate', 'bien', 'aprende', 'habilidades', 'haz', 'practicas', 'profesionales', 'valgan', 'pena', 'igual', 'universidad']","['depender', 'industrio', 'existir', 'cierto', 'narrativo', 'universidad', 'ir', 'joder', 'familiar', 'trabajar', 'ingeniero', 'alimento', 'empresa', 'querer', 'saber', 'nadie', 'ups', 'decir', 'piensen', 'asi', 'consejo', 'si', 'ir', 'estudiar', 'ahi', 'invertir', 'educacion', 'oportunidad', 'preparatir', 'bien', 'aprender', 'habilidad', 'haz', 'practica', 'profesional', 'valgar', 'pena', 'igual', 'universidad']"
wow q pena a mecatronica este tan dificil alla yo vivo en europa y aqui mecatronica esta en auge al menos conozco uno que otro y por eso se que es una carrera con alta demanda en realidad podrias intentar irte a canada australia o europa con la blue card con esa carrera,"['wow', 'q', 'pena', 'a', 'mecatronica', 'este', 'tan', 'dificil', 'alla', 'yo', 'vivo', 'en', 'europa', 'y', 'aqui', 'mecatronica', 'esta', 'en', 'auge', 'al', 'menos', 'conozco', 'uno', 'que', 'otro', 'y', 'por', 'eso', 'se', 'que', 'es', 'una', 'carrera', 'con', 'alta', 'demanda', 'en', 'realidad', 'podrias', 'intentar', 'irte', 'a', 'canada', 'australia', 'o', 'europa', 'con', 'la', 'blue', 'card', 'con', 'esa', 'carrera']",es,"['wow', 'q', 'pena', 'mecatronica', 'tan', 'dificil', 'alla', 'vivo', 'europa', 'aqui', 'mecatronica', 'auge', 'menos', 'conozco', 'carrera', 'alta', 'demanda', 'realidad', 'podrias', 'intentar', 'irte', 'canada', 'australia', 'europa', 'blue', 'card', 'carrera']","['wow', 'q', 'pena', 'mecatronico', 'tanto', 'dificil', 'alla', 'vivo', 'europa', 'aqui', 'mecatronica', 'auge', 'menos', 'conocer', 'carrera', 'alto', 'demanda', 'realidad', 'podria', 'intentar', 'irte', 'canado', 'australia', 'europa', 'blue', 'card', 'carrera']"
de verdad chuta eso si suena fatal no quiero que me hagan feo si busco trabajo una vez graduado se que es dificil en estos tiempos pero quiero hacer una carrera en ingenierias no quiero tantas pretensiones las publicas estan fuera de mi rango me puedo permitir una privada como la ups pero como es plata que yo mismo voy a invertir no quiero luego estar mal al menos que me abra algunas puertas,"['de', 'verdad', 'chuta', 'eso', 'si', 'suena', 'fatal', 'no', 'quiero', 'que', 'me', 'hagan', 'feo', 'si', 'busco', 'trabajo', 'una', 'vez', 'graduado', 'se', 'que', 'es', 'dificil', 'en', 'estos', 'tiempos', 'pero', 'quiero', 'hacer', 'una', 'carrera', 'en', 'ingenierias', 'no', 'quiero', 'tantas', 'pretensiones', 'las', 'publicas', 'estan', 'fuera', 'de', 'mi', 'rango', 'me', 'puedo', 'permitir', 'una', 'privada', 'como', 'la', 'ups', 'pero', 'como', 'es', 'plata', 'que', 'yo', 'mismo', 'voy', 'a', 'invertir', 'no', 'quiero', 'luego', 'estar', 'mal', 'al', 'menos', 'que', 'me', 'abra', 'algunas', 'puertas']",es,"['verdad', 'chuta', 'si', 'suena', 'fatal', 'quiero', 'hagan', 'feo', 'si', 'busco', 'trabajo', 'vez', 'graduado', 'dificil', 'tiempos', 'quiero', 'hacer', 'carrera', 'ingenierias', 'quiero', 'tantas', 'pretensiones', 'publicas', 'estan', 'rango', 'puedo', 'permitir', 'privada', 'ups', 'plata', 'mismo', 'voy', 'invertir', 'quiero', 'luego', 'mal', 'menos', 'abra', 'puertas']","['verdad', 'chuto', 'si', 'sonar', 'fatal', 'querer', 'hacer', 'feo', 'si', 'buscar', 'trabajo', 'vez', 'graduado', 'dificil', 'tiempo', 'querer', 'hacer', 'carrera', 'ingenieria', 'querer', 'tanto', 'pretensión', 'publica', 'estar', 'rango', 'poder', 'permitir', 'privado', 'ups', 'plata', 'mismo', 'ir', 'invertir', 'querer', 'luego', 'mal', 'menos', 'abrir', 'puerta']"
la idea es hacer una maestria alla el tema es el dinero pero hay que arriesgarlo el todo por el todo veamos que depara el futuro,"['la', 'idea', 'es', 'hacer', 'una', 'maestria', 'alla', 'el', 'tema', 'es', 'el', 'dinero', 'pero', 'hay', 'que', 'arriesgarlo', 'el', 'todo', 'por', 'el', 'todo', 'veamos', 'que', 'depara', 'el', 'futuro']",es,"['idea', 'hacer', 'maestria', 'alla', 'tema', 'dinero', 'arriesgarlo', 'veamos', 'depara', 'futuro']","['idea', 'hacer', 'maestria', 'alla', 'tema', 'dinero', 'arriesgar él', 'ver', 'deparar', 'futuro']"
claro de igual forma esa situacion uno la sobrepone si se propone destacar y adquiriendo experiencia pero esos prejuicios existen otra situacion y es por un familiar que tengo conocido ahi es que han hecho reduccion de personal la situacion en universidades privadas esta complicada porque la gente en general no esta pagando los precios altos de universidades y se esta inclinando a los tecnologicos si puedes anda a la salesiana como que vas a averiguar de la carrera recorre las instalaciones y conversa con ciertos estudiantes que esten ahi espero eso te de un mejor panorama como esta la universidad suerte,"['claro', 'de', 'igual', 'forma', 'esa', 'situacion', 'uno', 'la', 'sobrepone', 'si', 'se', 'propone', 'destacar', 'y', 'adquiriendo', 'experiencia', 'pero', 'esos', 'prejuicios', 'existen', 'otra', 'situacion', 'y', 'es', 'por', 'un', 'familiar', 'que', 'tengo', 'conocido', 'ahi', 'es', 'que', 'han', 'hecho', 'reduccion', 'de', 'personal', 'la', 'situacion', 'en', 'universidades', 'privadas', 'esta', 'complicada', 'porque', 'la', 'gente', 'en', 'general', 'no', 'esta', 'pagando', 'los', 'precios', 'altos', 'de', 'universidades', 'y', 'se', 'esta', 'inclinando', 'a', 'los', 'tecnologicos', 'si', 'puedes', 'anda', 'a', 'la', 'salesiana', 'como', 'que', 'vas', 'a', 'averiguar', 'de', 'la', 'carrera', 'recorre', 'las', 'instalaciones', 'y', 'conversa', 'con', 'ciertos', 'estudiantes', 'que', 'esten', 'ahi', 'espero', 'eso', 'te', 'de', 'un', 'mejor', 'panorama', 'como', 'esta', 'la', 'universidad', 'suerte']",es,"['claro', 'igual', 'forma', 'situacion', 'sobrepone', 'si', 'propone', 'destacar', 'adquiriendo', 'experiencia', 'prejuicios', 'existen', 'situacion', 'familiar', 'conocido', 'ahi', 'hecho', 'reduccion', 'personal', 'situacion', 'universidades', 'privadas', 'complicada', 'gente', 'general', 'pagando', 'precios', 'altos', 'universidades', 'inclinando', 'tecnologicos', 'si', 'puedes', 'anda', 'salesiana', 'vas', 'averiguar', 'carrera', 'recorre', 'instalaciones', 'conversa', 'ciertos', 'estudiantes', 'esten', 'ahi', 'espero', 'mejor', 'panorama', 'universidad', 'suerte']","['claro', 'igual', 'forma', 'situacion', 'sobreponer', 'si', 'proponer', 'destacar', 'adquirir', 'experiencia', 'prejuicio', 'existir', 'situacion', 'familiar', 'conocido', 'ahi', 'hecho', 'reduccion', 'personal', 'situacion', 'universidad', 'privado', 'complicado', 'gente', 'general', 'pagar', 'precio', 'alto', 'universidad', 'inclinar', 'tecnologico', 'si', 'poder', 'andar', 'salesián', 'vas', 'averiguar', 'carrera', 'recorrer', 'instalación', 'converso', 'cierto', 'estudiante', 'estir', 'ahi', 'esperar', 'mejor', 'panorama', 'universidad', 'suerte']"
hay linea en valenciano castellano y ingles no es requisito saber valenciano puedes elegir todo en castellano,"['hay', 'linea', 'en', 'valenciano', 'castellano', 'y', 'ingles', 'no', 'es', 'requisito', 'saber', 'valenciano', 'puedes', 'elegir', 'todo', 'en', 'castellano']",es,"['linea', 'valenciano', 'castellano', 'ingles', 'requisito', 'saber', 'valenciano', 'puedes', 'elegir', 'castellano']","['linea', 'valenciano', 'castellano', 'ingl', 'requisito', 'saber', 'valenciano', 'poder', 'elegir', 'castellano']"
yo estudie en la upv y no se valenciano al momento de entrar al grado puedes seleccionar el curso en valenciano castellano indistinto y en algunos casos ingles luego lo de rendir valenciano no se a que te refieres dices desde la prueba de acceso a la universidad,"['yo', 'estudie', 'en', 'la', 'upv', 'y', 'no', 'se', 'valenciano', 'al', 'momento', 'de', 'entrar', 'al', 'grado', 'puedes', 'seleccionar', 'el', 'curso', 'en', 'valenciano', 'castellano', 'indistinto', 'y', 'en', 'algunos', 'casos', 'ingles', 'luego', 'lo', 'de', 'rendir', 'valenciano', 'no', 'se', 'a', 'que', 'te', 'refieres', 'dices', 'desde', 'la', 'prueba', 'de', 'acceso', 'a', 'la', 'universidad']",es,"['estudie', 'upv', 'valenciano', 'momento', 'entrar', 'grado', 'puedes', 'seleccionar', 'curso', 'valenciano', 'castellano', 'indistinto', 'casos', 'ingles', 'luego', 'rendir', 'valenciano', 'refieres', 'dices', 'prueba', 'acceso', 'universidad']","['estudie', 'upv', 'valenciano', 'momento', 'entrar', 'grado', 'poder', 'seleccionar', 'curso', 'valenciano', 'castellano', 'indistintir', 'caso', 'ingl', 'luego', 'rendir', 'valenciano', 'refier', 'diz', 'probar', 'acceso', 'universidad']"
yo estoy cursando el fp daw y si bien las materias son en valenciano los docentes permiten hacer los examenes en castellano aunque aclaran que para la direccion se deberia de dar en valenciano supongo que la politecnica sera similar,"['yo', 'estoy', 'cursando', 'el', 'fp', 'daw', 'y', 'si', 'bien', 'las', 'materias', 'son', 'en', 'valenciano', 'los', 'docentes', 'permiten', 'hacer', 'los', 'examenes', 'en', 'castellano', 'aunque', 'aclaran', 'que', 'para', 'la', 'direccion', 'se', 'deberia', 'de', 'dar', 'en', 'valenciano', 'supongo', 'que', 'la', 'politecnica', 'sera', 'similar']",es,"['cursando', 'fp', 'daw', 'si', 'bien', 'materias', 'valenciano', 'docentes', 'permiten', 'hacer', 'examenes', 'castellano', 'aunque', 'aclaran', 'direccion', 'deberia', 'dar', 'valenciano', 'supongo', 'politecnica', 'sera', 'similar']","['cursar', 'fp', 'daw', 'si', 'bien', 'materia', 'valenciano', 'docente', 'permitir', 'hacer', 'examen', 'castellano', 'aunque', 'aclar', 'direccion', 'deberio', 'dar', 'valenciano', 'suponer', 'politecnico', 'sera', 'similar']"
la universidad no incluye ninguna asignatura en valenciano si no la eliges tu como ya te han dicho pero las pruebas de acceso a la universidad si que incluyen el valenciano como asignatura estaran exentos los alumnos que hayan llegado al sistema escolar valenciano en to de la eso o bachiller es decir depende de donde vivas y cual sea tu situacion de estudios actual,"['la', 'universidad', 'no', 'incluye', 'ninguna', 'asignatura', 'en', 'valenciano', 'si', 'no', 'la', 'eliges', 'tu', 'como', 'ya', 'te', 'han', 'dicho', 'pero', 'las', 'pruebas', 'de', 'acceso', 'a', 'la', 'universidad', 'si', 'que', 'incluyen', 'el', 'valenciano', 'como', 'asignatura', 'estaran', 'exentos', 'los', 'alumnos', 'que', 'hayan', 'llegado', 'al', 'sistema', 'escolar', 'valenciano', 'en', 'to', 'de', 'la', 'eso', 'o', 'bachiller', 'es', 'decir', 'depende', 'de', 'donde', 'vivas', 'y', 'cual', 'sea', 'tu', 'situacion', 'de', 'estudios', 'actual']",es,"['universidad', 'incluye', 'ninguna', 'asignatura', 'valenciano', 'si', 'eliges', 'dicho', 'pruebas', 'acceso', 'universidad', 'si', 'incluyen', 'valenciano', 'asignatura', 'estaran', 'exentos', 'alumnos', 'llegado', 'sistema', 'escolar', 'valenciano', 'to', 'bachiller', 'decir', 'depende', 'vivas', 'situacion', 'estudios', 'actual']","['universidad', 'incluir', 'ninguno', 'asignatura', 'valenciano', 'si', 'elegir', 'dicho', 'prueba', 'acceso', 'universidad', 'si', 'incluir', 'valenciano', 'asignatura', 'estarir', 'exento', 'alumno', 'llegado', 'sistema', 'escolar', 'valenciano', 'to', 'bachiller', 'decir', 'depender', 'vivo', 'situacion', 'estudio', 'actual']"
y no hace falta rendir entonces para el ingreso gracias,"['y', 'no', 'hace', 'falta', 'rendir', 'entonces', 'para', 'el', 'ingreso', 'gracias']",es,"['hace', 'falta', 'rendir', 'entonces', 'ingreso', 'gracias']","['hacer', 'falta', 'rendir', 'entonces', 'ingreso', 'gracias']"
si a la prueba de acceso he visto que como una de las cosas a evaluar es valenciano pero quizas lo estoy interpretando mal y es solo si quieres hacer la carrera en valenciano muchas gracias speess,"['si', 'a', 'la', 'prueba', 'de', 'acceso', 'he', 'visto', 'que', 'como', 'una', 'de', 'las', 'cosas', 'a', 'evaluar', 'es', 'valenciano', 'pero', 'quizas', 'lo', 'estoy', 'interpretando', 'mal', 'y', 'es', 'solo', 'si', 'quieres', 'hacer', 'la', 'carrera', 'en', 'valenciano', 'muchas', 'gracias', 'speess']",es,"['si', 'prueba', 'acceso', 'visto', 'cosas', 'evaluar', 'valenciano', 'quizas', 'interpretando', 'mal', 'solo', 'si', 'quieres', 'hacer', 'carrera', 'valenciano', 'muchas', 'gracias', 'speess']","['si', 'probar', 'acceso', 'visto', 'cosa', 'evaluar', 'valenciano', 'quizas', 'interpretar', 'mal', 'solo', 'si', 'querer', 'hacer', 'carrera', 'valenciano', 'mucho', 'gracia', 'speess']"
uffffff gracias por la informacion,"['uffffff', 'gracias', 'por', 'la', 'informacion']",es,"['uffffff', 'gracias', 'informacion']","['uffffff', 'gracias', 'informacion']"
vale gracias ya me lo temia,"['vale', 'gracias', 'ya', 'me', 'lo', 'temia']",es,"['vale', 'gracias', 'temia']","['valer', 'gracias', 'temio']"
en la prueba de acceso uno de los requerimientos es hacer las mismas asignaturas que se hacen en comun con el resto de comunidades mas el valenciano independiente de si luego realizaras un grado en valenciano o en castellano tienes que hacer esa prueba se puede evitar hacer el valenciano bueno hay gente que viene de otras comunidades y viene con la nota de acceso hecha sin el valenciano ya que alli no se da otra opcion es hacer el acceso en valencia y no hacer la de valenciano te quitaran la nota correspondiente y tendras menos nota media incluso puedes entrar por grado superior sin hacer la prueba de acceso aunque el tiempo que te tarde y la nota sobre a pesar de que puedes hacer las opcionales para subir al lo que no se es tu situacion si eres de otra comunidad otro pais si ya has cursado el bachillerato o tienes otro titulo etc saludos,"['en', 'la', 'prueba', 'de', 'acceso', 'uno', 'de', 'los', 'requerimientos', 'es', 'hacer', 'las', 'mismas', 'asignaturas', 'que', 'se', 'hacen', 'en', 'comun', 'con', 'el', 'resto', 'de', 'comunidades', 'mas', 'el', 'valenciano', 'independiente', 'de', 'si', 'luego', 'realizaras', 'un', 'grado', 'en', 'valenciano', 'o', 'en', 'castellano', 'tienes', 'que', 'hacer', 'esa', 'prueba', 'se', 'puede', 'evitar', 'hacer', 'el', 'valenciano', 'bueno', 'hay', 'gente', 'que', 'viene', 'de', 'otras', 'comunidades', 'y', 'viene', 'con', 'la', 'nota', 'de', 'acceso', 'hecha', 'sin', 'el', 'valenciano', 'ya', 'que', 'alli', 'no', 'se', 'da', 'otra', 'opcion', 'es', 'hacer', 'el', 'acceso', 'en', 'valencia', 'y', 'no', 'hacer', 'la', 'de', 'valenciano', 'te', 'quitaran', 'la', 'nota', 'correspondiente', 'y', 'tendras', 'menos', 'nota', 'media', 'incluso', 'puedes', 'entrar', 'por', 'grado', 'superior', 'sin', 'hacer', 'la', 'prueba', 'de', 'acceso', 'aunque', 'el', 'tiempo', 'que', 'te', 'tarde', 'y', 'la', 'nota', 'sobre', 'a', 'pesar', 'de', 'que', 'puedes', 'hacer', 'las', 'opcionales', 'para', 'subir', 'al', 'lo', 'que', 'no', 'se', 'es', 'tu', 'situacion', 'si', 'eres', 'de', 'otra', 'comunidad', 'otro', 'pais', 'si', 'ya', 'has', 'cursado', 'el', 'bachillerato', 'o', 'tienes', 'otro', 'titulo', 'etc', 'saludos']",es,"['prueba', 'acceso', 'requerimientos', 'hacer', 'mismas', 'asignaturas', 'hacen', 'comun', 'resto', 'comunidades', 'mas', 'valenciano', 'independiente', 'si', 'luego', 'realizaras', 'grado', 'valenciano', 'castellano', 'hacer', 'prueba', 'puede', 'evitar', 'hacer', 'valenciano', 'bueno', 'gente', 'viene', 'comunidades', 'viene', 'nota', 'acceso', 'hecha', 'valenciano', 'alli', 'da', 'opcion', 'hacer', 'acceso', 'valencia', 'hacer', 'valenciano', 'quitaran', 'nota', 'correspondiente', 'tendras', 'menos', 'nota', 'media', 'incluso', 'puedes', 'entrar', 'grado', 'superior', 'hacer', 'prueba', 'acceso', 'aunque', 'tiempo', 'tarde', 'nota', 'pesar', 'puedes', 'hacer', 'opcionales', 'subir', 'situacion', 'si', 'comunidad', 'pais', 'si', 'cursado', 'bachillerato', 'titulo', 'etc', 'saludos']","['probar', 'acceso', 'requerimiento', 'hacer', 'mismo', 'asignatura', 'hacer', 'comun', 'resto', 'comunidad', 'mas', 'valenciano', 'independiente', 'si', 'luego', 'realizarar', 'grado', 'valenciano', 'castellano', 'hacer', 'prueba', 'poder', 'evitar', 'hacer', 'valenciano', 'bueno', 'gente', 'venir', 'comunidad', 'venir', 'noto', 'acceso', 'hecho', 'valenciano', 'alli', 'dar', 'opcion', 'hacer', 'acceso', 'valencia', 'hacer', 'valenciano', 'quitarar', 'nota', 'correspondiente', 'tendra', 'menos', 'nota', 'medio', 'incluso', 'poder', 'entrar', 'grado', 'superior', 'hacer', 'prueba', 'acceso', 'aunque', 'tiempo', 'tarde', 'notar', 'pesar', 'poder', 'hacer', 'opcional', 'subir', 'situacion', 'si', 'comunidad', 'pais', 'si', 'cursar', 'bachillerato', 'titulo', 'etc', 'saludo']"
preguntame por privado lo que quieras,"['preguntame', 'por', 'privado', 'lo', 'que', 'quieras']",pt,"['preguntame', 'por', 'privado', 'lo', 'que', 'quieras']","['preguntame', 'por', 'privado', 'lo', 'que', 'quieras']"
anda a la u brother guatemala no le da tanta importancia a los militares como otros paises la pregunta seria para que queres ir a la politecnica a que te queres dedicar yo me inclinaria en ir a la u pero depende que quieras para tu vida,"['anda', 'a', 'la', 'u', 'brother', 'guatemala', 'no', 'le', 'da', 'tanta', 'importancia', 'a', 'los', 'militares', 'como', 'otros', 'paises', 'la', 'pregunta', 'seria', 'para', 'que', 'queres', 'ir', 'a', 'la', 'politecnica', 'a', 'que', 'te', 'queres', 'dedicar', 'yo', 'me', 'inclinaria', 'en', 'ir', 'a', 'la', 'u', 'pero', 'depende', 'que', 'quieras', 'para', 'tu', 'vida']",es,"['anda', 'u', 'brother', 'guatemala', 'da', 'tanta', 'importancia', 'militares', 'paises', 'pregunta', 'seria', 'queres', 'ir', 'politecnica', 'queres', 'dedicar', 'inclinaria', 'ir', 'u', 'depende', 'quieras', 'vida']","['anda', 'u', 'brother', 'guatemala', 'dar', 'tanto', 'importancia', 'militar', 'país', 'preguntar', 'serio', 'quer', 'ir', 'politecnico', 'quer', 'dedicar', 'inclinaria', 'ir', 'u', 'depender', 'quieras ', 'vida']"
tal vez alguien que haya sido militar puede confirmar pero mi percepcion es que un porcentaje alto de los soldados no ven los beneficios y las oportunidades que los oficiales reciben si me preguntaras a mi anda a la u el ejercito posiblemente no es tan cool como te lo imaginabas a los anos y la experiencia de ir a la u y conocer a mara muy diferente a vos es bien enrriquecedora,"['tal', 'vez', 'alguien', 'que', 'haya', 'sido', 'militar', 'puede', 'confirmar', 'pero', 'mi', 'percepcion', 'es', 'que', 'un', 'porcentaje', 'alto', 'de', 'los', 'soldados', 'no', 'ven', 'los', 'beneficios', 'y', 'las', 'oportunidades', 'que', 'los', 'oficiales', 'reciben', 'si', 'me', 'preguntaras', 'a', 'mi', 'anda', 'a', 'la', 'u', 'el', 'ejercito', 'posiblemente', 'no', 'es', 'tan', 'cool', 'como', 'te', 'lo', 'imaginabas', 'a', 'los', 'anos', 'y', 'la', 'experiencia', 'de', 'ir', 'a', 'la', 'u', 'y', 'conocer', 'a', 'mara', 'muy', 'diferente', 'a', 'vos', 'es', 'bien', 'enrriquecedora']",es,"['tal', 'vez', 'alguien', 'sido', 'militar', 'puede', 'confirmar', 'percepcion', 'porcentaje', 'alto', 'soldados', 'ven', 'beneficios', 'oportunidades', 'oficiales', 'reciben', 'si', 'preguntaras', 'anda', 'u', 'ejercito', 'posiblemente', 'tan', 'cool', 'imaginabas', 'anos', 'experiencia', 'ir', 'u', 'conocer', 'mara', 'diferente', 'vos', 'bien', 'enrriquecedora']","['tal', 'vez', 'alguien', 'ser', 'militar', 'poder', 'confirmar', 'percepcion', 'porcentaje', 'alto', 'soldado', 'ver', 'beneficio', 'oportunidad', 'oficial', 'recibir', 'si', 'preguntara', 'andar', 'u', 'ejercito', 'posiblemente', 'tanto', 'cool', 'imaginabas', 'ano', 'experiencia', 'ir', 'u', 'conocer', 'mara', 'diferente', 'vo', 'bien', 'enrriquecedorar']"
muchas gracias por su opinion y tienen razon aqui el ejercito no es que este bien la verdad y si creo que sera obviamente mejor la u gracias por su tiempo para decirme su opinion,"['muchas', 'gracias', 'por', 'su', 'opinion', 'y', 'tienen', 'razon', 'aqui', 'el', 'ejercito', 'no', 'es', 'que', 'este', 'bien', 'la', 'verdad', 'y', 'si', 'creo', 'que', 'sera', 'obviamente', 'mejor', 'la', 'u', 'gracias', 'por', 'su', 'tiempo', 'para', 'decirme', 'su', 'opinion']",es,"['muchas', 'gracias', 'opinion', 'razon', 'aqui', 'ejercito', 'bien', 'verdad', 'si', 'creo', 'sera', 'obviamente', 'mejor', 'u', 'gracias', 'tiempo', 'decirme', 'opinion']","['mucho', 'gracia', 'opinion', 'razon', 'aqui', 'ejercito', 'bien', 'verdad', 'si', 'creer', 'sera', 'obviamente', 'mejor', 'u', 'gracias', 'tiempo', 'decir yo', 'opinion']"
dependiendo mucho de gustos yo por ejemplo si voy a entrar a la escuela politecnica pero es dependiente de que quieras en realidad pero te voy a contar desde mi perspectiva en la escuela politecnica es algo cara solo el ingreso que son uniformes y examenes de admision son q pero de ahi a tus anos de estancia no se paga nada es la propia politecnica la que te proporciona q mensuales aparte de comida y residencia tiene sus beneficios un cadete recien graduado como subteniente tiene un sueldo de q esto depende de la rama a la que seas asignado tiene mas cosas buenas o malas si quieres saber preguntame pero mas o menos esto es lo mas basico en informacion,"['dependiendo', 'mucho', 'de', 'gustos', 'yo', 'por', 'ejemplo', 'si', 'voy', 'a', 'entrar', 'a', 'la', 'escuela', 'politecnica', 'pero', 'es', 'dependiente', 'de', 'que', 'quieras', 'en', 'realidad', 'pero', 'te', 'voy', 'a', 'contar', 'desde', 'mi', 'perspectiva', 'en', 'la', 'escuela', 'politecnica', 'es', 'algo', 'cara', 'solo', 'el', 'ingreso', 'que', 'son', 'uniformes', 'y', 'examenes', 'de', 'admision', 'son', 'q', 'pero', 'de', 'ahi', 'a', 'tus', 'anos', 'de', 'estancia', 'no', 'se', 'paga', 'nada', 'es', 'la', 'propia', 'politecnica', 'la', 'que', 'te', 'proporciona', 'q', 'mensuales', 'aparte', 'de', 'comida', 'y', 'residencia', 'tiene', 'sus', 'beneficios', 'un', 'cadete', 'recien', 'graduado', 'como', 'subteniente', 'tiene', 'un', 'sueldo', 'de', 'q', 'esto', 'depende', 'de', 'la', 'rama', 'a', 'la', 'que', 'seas', 'asignado', 'tiene', 'mas', 'cosas', 'buenas', 'o', 'malas', 'si', 'quieres', 'saber', 'preguntame', 'pero', 'mas', 'o', 'menos', 'esto', 'es', 'lo', 'mas', 'basico', 'en', 'informacion']",es,"['dependiendo', 'gustos', 'ejemplo', 'si', 'voy', 'entrar', 'escuela', 'politecnica', 'dependiente', 'quieras', 'realidad', 'voy', 'contar', 'perspectiva', 'escuela', 'politecnica', 'cara', 'solo', 'ingreso', 'uniformes', 'examenes', 'admision', 'q', 'ahi', 'anos', 'estancia', 'paga', 'propia', 'politecnica', 'proporciona', 'q', 'mensuales', 'aparte', 'comida', 'residencia', 'beneficios', 'cadete', 'recien', 'graduado', 'subteniente', 'sueldo', 'q', 'depende', 'rama', 'asignado', 'mas', 'cosas', 'buenas', 'malas', 'si', 'quieres', 'saber', 'preguntame', 'mas', 'menos', 'mas', 'basico', 'informacion']","['depender', 'gusto', 'ejemplo', 'si', 'ir', 'entrar', 'escuela', 'politecnico', 'dependiente', 'quieras', 'realidad', 'ir', 'contar', 'perspectiva', 'escuela', 'politecnicar', 'cara', 'solo', 'ingreso', 'uniformes', 'examen', 'admision', 'q', 'ahi', 'ano', 'estancia', 'pagar', 'propio', 'politecnico', 'proporciona', 'q', 'mensual', 'aparte', 'comida', 'residencia', 'beneficio', 'cadete', 'recien', 'graduado', 'subteniente', 'sueldo', 'q', 'depender', 'rama', 'asignado', 'mas', 'cosa', 'buena', 'mala', 'si', 'quier', 'saber', 'preguntame', 'mas', 'menos', 'mas', 'basico', 'informacion']"
q oportunidades ademas del ejercito te la la escuela politecnica despues de la u podes hacer de todo,"['q', 'oportunidades', 'ademas', 'del', 'ejercito', 'te', 'la', 'la', 'escuela', 'politecnica', 'despues', 'de', 'la', 'u', 'podes', 'hacer', 'de', 'todo']",es,"['q', 'oportunidades', 'ademas', 'ejercito', 'escuela', 'politecnica', 'despues', 'u', 'podes', 'hacer']","['q', 'oportunidad', 'adema', 'ejercito', 'escuela', 'politecnico', 'despu', 'u', 'pod', 'hacer']"
todita la razon gracias por tu opinion,"['todita', 'la', 'razon', 'gracias', 'por', 'tu', 'opinion']",es,"['todita', 'razon', 'gracias', 'opinion']","['toditar', 'razon', 'gracias', 'opinion']"
es el xiaomi de las universidades tiene buena relacion calidadprecio,"['es', 'el', 'xiaomi', 'de', 'las', 'universidades', 'tiene', 'buena', 'relacion', 'calidadprecio']",es,"['xiaomi', 'universidades', 'buena', 'relacion', 'calidadprecio']","['xiaomi', 'universidad', 'buen', 'relacion', 'calidadprecio']"
